Year,Player,HR,Team,League
1876,George Hall,5,Philadelphia,NL
1877,Lip Pike,4,Cincinnati,NL
1878,Paul Hines,4,Providence,NL
1879,Charley Jones,9,Boston,NL
1880,Jim O'Rourke,6,Boston,NL
1881,Dan Brouthers,8,Buffalo,NL
1882,George Wood,7,Detroit,NL
1883,Buck Ewing,10,New York,NL
1884,Ned Williamson,27,Chicago,NL
1885,Abner Dalrymple,11,Chicago,NL
1886,Dan Brouthers,11,Detroit,NL
1887,Billy O'Brien,19,Washington,NL
1888,Jimmy Ryan,16,Chicago,NL
1889,Sam Thompson,20,Philadelphia,NL
1890,Oyster Burns,13,Brooklyn,NL
1891,Harry Stovey,16,Boston,NL
1892,Bug Holliday,13,Cincinnati,NL
1893,Ed Delahanty,19,Philadelphia,NL
1894,Hugh Duffy,18,Boston,NL
1895,Sam Thompson,18,Philadelphia,NL
1896,Ed Delahanty,13,Philadelphia,NL
1897,Hugh Duffy,11,Boston,NL
1898,Jimmy Collins,15,Boston,NL
1899,Buck Freeman,25,Washington,NL
1900,Herman Long,12,Boston,NL
1901,Nap Lajoie,14,Philadelphia,AL
1901,Sam Crawford,16,Cincinnati,NL
1902,Socks Seybold,16,Philadelphia,AL
1902,Tommy Leach,6,Pittsburgh,NL
1903,Buck Freeman,13,Boston,AL
1903,Jimmy Sheckard,9,Brooklyn,NL
1904,Harry Davis,10,Philadelphia,AL
1904,Harry Lumley,9,Brooklyn,NL
1905,Harry Davis,8,Philadelphia,AL
1905,Fred Odwell,9,Cincinnati,NL
1906,Harry Davis,12,Philadelphia,AL
1906,Tim Jordan,12,Brooklyn,NL
1907,Harry Davis,8,Philadelphia,AL
1907,Dave Brain,10,Boston,NL
1908,Sam Crawford,7,Detroit,AL
1908,Tim Jordan,12,Brooklyn,NL
1909,Ty Cobb,9,Detroit,AL
1909,Red Murray,7,New York,NL
1910,Jake Stahl,10,Boston,AL
1910,Fred Beck,10,Boston,NL
1911,Home Run Baker,11,Philadelphia,AL
1911,Frank Schulte,21,Chicago,NL
1912,Home Run Baker,10,Philadelphia,AL
1912,Heinie Zimmerman,14,Chicago,NL
1913,Home Run Baker,12,Philadelphia,AL
1913,Gavvy Cravath,19,Philadelphia,NL
1914,Home Run Baker,9,Philadelphia,AL
1914,Gavvy Cravath,19,Philadelphia,NL
1915,Braggo Roth,7,Chicago,AL
1915,Gavvy Cravath,24,Philadelphia,NL
1916,Wally Pipp,12,New York,AL
1916,Dave Robertson,12,New York,NL
1917,Wally Pipp,9,New York,AL
1917,Gavvy Cravath,12,Philadelphia,NL
1918,Babe Ruth,11,Boston,AL
1918,Gavvy Cravath,8,Philadelphia,NL
1919,Babe Ruth,29,Boston,AL
1919,Gavvy Cravath,12,Philadelphia,NL
1920,Babe Ruth,54,New York,AL
1920,Cy Williams,15,Philadelphia,NL
1921,Babe Ruth,59,New York,AL
1921,High Pockets Kelly,23,New York,NL
1922,Ken Williams,39,St. Louis,AL
1922,Rogers Hornsby,42,St. Louis,NL
1923,Babe Ruth,41,New York,AL
1923,Cy Williams,41,Philadelphia,NL
1924,Babe Ruth,46,New York,AL
1924,Jack Fournier,27,Brooklyn,NL
1925,Bob Meusel,33,New York,AL
1925,Rogers Hornsby,39,St. Louis,NL
1926,Babe Ruth,47,New York,AL
1926,Hack Wilson,21,Chicago,NL
1927,Babe Ruth,60,New York,AL
1927,Cy Williams,30,Philadelphia,NL
1928,Babe Ruth,54,New York,AL
1928,Jim Bottomley,31,St. Louis,NL
1929,Babe Ruth,46,New York,AL
1929,Chuck Klein,43,Philadelphia,NL
1930,Babe Ruth,49,New York,AL
1930,Hack Wilson,56,Chicago,NL
1931,Lou Gehrig,46,New York,AL
1931,Chuck Klein,31,Philadelphia,NL
1932,Jimmie Foxx,58,Philadelphia,AL
1932,Chuck Klein,38,Philadelphia,NL
1933,Jimmie Foxx,48,Philadelphia,AL
1933,Chuck Klein,28,Philadelphia,NL
1934,Lou Gehrig,49,New York,AL
1934,Ripper Collins,35,St. Louis,NL
1935,Jimmie Foxx,36,Philadelphia,AL
1935,Wally Berger,34,Boston,NL
1936,Lou Gehrig,49,New York,AL
1936,Mel Ott,33,New York,NL
1937,Joe DiMaggio,46,New York,AL
1937,Joe Medwick,31,St. Louis,NL
1938,Hank Greenberg,58,Detroit,AL
1938,Mel Ott,36,New York,NL
1939,Jimmie Foxx,35,Boston,AL
1939,Johnny Mize,28,St. Louis,NL
1940,Hank Greenberg,41,Detroit,AL
1940,Johnny Mize,43,St. Louis,NL
1941,Ted Williams,37,Boston,AL
1941,Dolph Camilli,34,Brooklyn,NL
1942,Ted Williams,36,Boston,AL
1942,Mel Ott,30,New York,NL
1943,Rudy York,34,Detroit,AL
1943,Bill Nicholson,29,Chicago,NL
1944,Nick Etten,22,New York,AL
1944,Bill Nicholson,33,Chicago,NL
1945,Vern Stephens,24,St. Louis,AL
1945,Tommy Holmes,28,Boston,NL
1946,Hank Greenberg,44,Detroit,AL
1946,Ralph Kiner,23,Pittsburgh,NL
1947,Ted Williams,32,Boston,AL
1947,Ralph Kiner,51,Pittsburgh,NL
1948,Joe DiMaggio,39,New York,AL
1948,Ralph Kiner,40,Pittsburgh,NL
1949,Ted Williams,43,Boston,AL
1949,Ralph Kiner,54,Pittsburgh,NL
1950,Al Rosen,37,Cleveland,AL
1950,Ralph Kiner,47,Pittsburgh,NL
1951,Gus Zernial,33,Chicago,AL
1951,Ralph Kiner,42,Pittsburgh,NL
1952,Larry Doby,32,Cleveland,AL
1952,Ralph Kiner,37,Pittsburgh,NL
1953,Al Rosen,43,Cleveland,AL
1953,Eddie Mathews,47,Milwaukee,NL
1954,Larry Doby,32,Cleveland,AL
1954,Ted Kluszewski,49,Cincinnati,NL
1955,Mickey Mantle,37,New York,AL
1955,Willie Mays,51,New York,NL
1956,Mickey Mantle,52,New York,AL
1956,Duke Snider,43,Brooklyn,NL
1957,Roy Sievers,42,Washington,AL
1957,Hank Aaron,44,Milwaukee,NL
1958,Mickey Mantle,42,New York,AL
1958,Ernie Banks,47,Chicago,NL
1959,Rocky Colavito,42,Cleveland,AL
1959,Eddie Mathews,46,Milwaukee,NL
1960,Mickey Mantle,40,New York,AL
1960,Ernie Banks,41,Chicago,NL
1961,Roger Maris,61,New York,AL
1961,Orlando Cepeda,46,San Francisco,NL
1962,Harmon Killebrew,48,Minnesota,AL
1962,Willie Mays,49,San Francisco,NL
1963,Harmon Killebrew,45,Minnesota,AL
1963,Hank Aaron,44,Milwaukee,NL
1964,Harmon Killebrew,49,Minnesota,AL
1964,Willie Mays,47,San Francisco,NL
1965,Tony Conigliaro,32,Boston,AL
1965,Willie Mays,52,San Francisco,NL
1966,Frank Robinson,49,Baltimore,AL
1966,Hank Aaron,44,Atlanta,NL
1967,Harmon Killebrew,44,Minnesota,AL
1967,Hank Aaron,39,Atlanta,NL
1968,Frank Howard,44,Washington,AL
1968,Willie McCovey,36,San Francisco,NL
1969,Harmon Killebrew,49,Minnesota,AL
1969,Willie McCovey,45,San Francisco,NL
1970,Frank Howard,44,Washington,AL
1970,Johnny Bench,45,Cincinnati,NL
1971,Bill Melton,33,Chicago,AL
1971,Willie Stargell,48,Pittsburgh,NL
1972,Dick Allen,37,Chicago,AL
1972,Johnny Bench,40,Cincinnati,NL
1973,Reggie Jackson,32,Oakland,AL
1973,Willie Stargell,44,Pittsburgh,NL
1974,Dick Allen,32,Chicago,AL
1974,Mike Schmidt,36,Philadelphia,NL
1975,Reggie Jackson,36,Oakland,AL
1975,Mike Schmidt,38,Philadelphia,NL
1976,Graig Nettles,32,New York,AL
1976,Mike Schmidt,38,Philadelphia,NL
1977,Jim Rice,39,Boston,AL
1977,George Foster,52,Cincinnati,NL
1978,Jim Rice,46,Boston,AL
1978,George Foster,40,Cincinnati,NL
1979,Gorman Thomas,45,Milwaukee,AL
1979,Dave Kingman,48,Chicago,NL
1980,Reggie Jackson,41,New York,AL
1980,Mike Schmidt,48,Philadelphia,NL
1981,Tony Armas,22,Oakland,AL
1981,Mike Schmidt,31,Philadelphia,NL
1982,Reggie Jackson,39,California,AL
1982,Dave Kingman,37,New York,NL
1983,Jim Rice,39,Boston,AL
1983,Mike Schmidt,40,Philadelphia,NL
1984,Tony Armas,43,Boston,AL
1984,Dale Murphy,36,Atlanta,NL
1985,Darrell Evans,40,Detroit,AL
1985,Dale Murphy,37,Atlanta,NL
1986,Jesse Barfield,40,Toronto,AL
1986,Mike Schmidt,37,Philadelphia,NL
1987,Mark McGwire,49,Oakland,AL
1987,Andre Dawson,49,Chicago,NL
1988,Jose Canseco,42,Oakland,AL
1988,Darryl Strawberry,39,New York,NL
1989,Fred McGriff,36,Toronto,AL
1989,Kevin Mitchell,47,San Francisco,NL
1990,Cecil Fielder,51,Detroit,AL
1990,Ryne Sandberg,40,Chicago,NL
1991,Jose Canseco,44,Oakland,AL
1991,Howard Johnson,38,New York,NL
1992,Juan Gonzalez,43,Texas,AL
1992,Fred McGriff,35,San Diego,NL
1993,Juan Gonzalez,46,Texas,AL
1993,Barry Bonds,46,San Francisco,NL
1994,"Ken Griffey, Jr.",40,Seattle,AL
1994,Matt Williams,43,San Francisco,NL
1995,Albert Belle,50,Cleveland,AL
1995,Dante Bichette,40,Colorado,NL
1996,Mark McGwire,52,Oakland,AL
1996,Andres Galarraga,47,Colorado,NL
1997,"Ken Griffey, Jr.",56,Seattle,AL
1997,Larry Walker,49,Colorado,NL
1998,"Ken Griffey, Jr.",56,Seattle,AL
1998,Mark McGwire,70,St. Louis,NL
1999,"Ken Griffey, Jr.",48,Seattle,AL
1999,Mark McGwire,65,St. Louis,NL
2000,Troy Glaus,47,Anaheim,AL
2000,Sammy Sosa,50,Chicago,NL
2001,Alex Rodriguez,52,Texas,AL
2001,Barry Bonds,73,San Francisco,NL
2002,Alex Rodriguez,57,Texas,AL
2002,Sammy Sosa,49,Chicago,NL
2003,Alex Rodriguez,47,Texas,AL
2003,Jim Thome,47,Philadelphia,NL
2004,Manny Ramirez,43,Boston,AL
2004,Adrián Beltré,48,Los Angeles,NL
2005,Alex Rodriguez,48,New York,AL
2005,Andruw Jones,51,Atlanta,NL
2006,David Ortiz,54,Boston,AL
2006,Ryan Howard,58,Philadelphia,NL
2007,Alex Rodriguez,54,New York,AL
2007,Prince Fielder,50,Milwaukee,NL
2008,Miguel Cabrera,37,Detroit,AL
2008,Ryan Howard,48,Philadelphia,NL
2009,Carlos Pena,39,Tampa Bay,AL
2009,Albert Pujols,47,St. Louis,NL
2010,Jose Bautista,54,Toronto,AL
2010,Albert Pujols,42,St. Louis,NL
2011,Jose Bautista,43,Toronto,AL
2011,Matt Kemp,39,Los Angeles,NL
2012,Miguel Cabrera,44,Detroit,AL
2012,Ryan Braun,41,Milwaukee,NL
2013,Chris Davis,53,Baltimore,AL
2013,Pedro Alvarez,36,Pittsburgh,NL
2014,Nelson Cruz,40,Baltimore,AL
2014,Giancarlo Stanton,37,Miami,NL
2015,Chris Davis,47,Baltimore,AL
2015,Nolan Arenado,42,Colorado,NL
2016,Mark Trumbo,47,Baltimore,AL
2016,Nolan Arenado,41,Colorado,NL
2017,Aaron Judge,52,New York,AL
2017,Giancarlo Stanton,59,Miami,NL
2018,Khris Davis,48,Oakland,AL
2018,Nolan Arenado,38,Colorado,NL
2019,Jorge Soler,48,Kansas City,AL
2019,Pete Alonso,53,New York,NL
2020,Luke Voit,22,New York,AL
2020,Marcell Ozuna,18,Atlanta,NL
2021,Vladimir Guerrero Jr.,48,Toronto,AL
2021,Fernando Tatis Jr.,42,San Diego,NL
2022,Aaron Judge,62,New York,AL
2022,Kyle Schwarber,46,Philadelphia,NL
2023,Shohei Ohtani,44,Los Angeles,AL
2023,Matt Olson,54,Atlanta,NL
2024,Aaron Judge,58,New York,AL
2024,Shohei Ohtani,54,Los Angeles,NL
2025,Cal Raleigh,31,Seattle,AL
2025,Shohei Ohtani,26,Los Angeles,NL
